coin,t_alert,t_caution,f2_oof,youden_j
USDC,0.28,0.00081792933633551,0.9393939393939394,0.9073091779554976
DAI,0.14,0.02815151959657669,0.897626112759644,0.9597189695550351
