auc_roc_mean,auc_roc_std,auc_pr_mean,auc_pr_std,recall_mean,recall_std,precision_mean,precision_std,f1_mean,f1_std,f2_mean,f2_std,n_valid_folds,avg_threshold,coin,technique,model
0.9979286781977365,0.004073596963682905,0.9287037037037036,0.12914653259203843,0.719047619047619,0.22360679774997896,1.0,0.0,0.8177156177156177,0.18147904837083004,0.753793198012265,0.2127706644576726,5,0.5,USDC,WeightOnly,RF
0.9911808669656204,0.019720180967486924,0.9399171004434163,0.13434944769381327,0.9,0.22360679774997902,0.975,0.05590169943749474,0.9199999999999999,0.1445298892578587,0.9055555555555556,0.19602531960419278,5,0.5,USDC,WeightOnly,XGB
0.9853830133857342,0.03214770050262467,0.9272225209927812,0.13566360237968864,0.8095238095238095,0.1851946331679053,0.9714285714285715,0.063887656499994,0.8711954711954712,0.12524761848720395,0.8314240638784248,0.1648602415607089,5,0.5,USDC,WeightOnly,LightGBM
0.9993700619261159,0.0008872125735870994,0.9573469387755102,0.05948898398142155,0.6190476190476191,0.2672612419124244,0.9714285714285715,0.063887656499994,0.7227106227106228,0.205946659974582,0.6532604650251709,0.24963645124532566,5,0.5,USDC,WeightOnly,SVM
0.9954480273824536,0.000889950163758456,0.9313707022071096,0.017288961892567067,0.8972307692307693,0.03339560258760651,0.7857549627791564,0.07221514843555,0.8352057065741276,0.02872534554464016,0.8706182316411324,0.014069808569675312,5,0.5,DAI,ADASYN,RF
0.9957175283732662,0.001068163881760402,0.9385970811463302,0.016051941372882256,0.9052307692307693,0.059081730573621184,0.7878347578347578,0.02806152108335617,0.8409828526517586,0.019048897269385107,0.8779622413210199,0.040325984984385714,5,0.5,DAI,ADASYN,XGB
0.995540263015673,0.0003545790442077935,0.9346272400941604,0.009843404755323611,0.8815384615384616,0.04587092774115562,0.786174039531103,0.05989910398691159,0.8290538437597261,0.030090825871267785,0.8591998963026836,0.03165601869270367,5,0.5,DAI,ADASYN,LightGBM
0.9928668708340839,0.0021747022216370543,0.8925506425301041,0.0352483235950634,0.7941538461538461,0.0891936262217199,0.80452707856598,0.07528321501901596,0.7932121212121211,0.028392500206079967,0.7923578073349415,0.06088262245072209,5,0.5,DAI,ADASYN,SVM
